<?xml version="1.0" encoding="utf-8"?>
<!DOCTYPE install PUBLIC "-//Joomla! 2.5//DTD template 1.0//EN" "http://www.joomla.org/xml/dtd/2.5/template-install.dtd">
<extension version="3.1" type="template" client="site">
<name>pt_honbect_free</name>
<version>3.6.2</version>
<creationDate>2016</creationDate>
<author>plustheme</author>
<authorEmail>info@plustheme.com</authorEmail>
<authorUrl>http://www.plustheme.com</authorUrl>
<copyright>copyright (c) 2016 plustheme.com</copyright>
<license>GNU/GPL v2 http://www.gnu.org/licenses/gpl-2.0.html</license>
<description>
<![CDATA[
<link href="../templates/pt_honbect_free/css/admin.css" rel="stylesheet" type="text/css" media="all" />
<div class="temp_description">
<p>
<b>
joomla 3.x template (free limited version) for bar restaurant, three column layout, slideshow, socialmedia icons and logo configuration<br>
<a href="http://demo4.plustheme.com/?template=pt_honbect" target="_blank">Demo</a> //
<a href="http://www.plustheme.com" target="_blank">Website</a> //
<a href="http://www.plustheme.com/free-templates" target="_blank">Free Templates</a> //
<a href="http://www.plustheme.com/support" target="_blank">Contact</a> //
<a href="http://www.plustheme.com/pt-honbect" target="_blank">Upgrade</a> 
</b>
</p>
</div>
<p></p>
<img src="../templates/pt_honbect_free/template_thumbnail.png" border="0" title="" alt=""/>
<p></p>
]]>
</description>
<files>
<filename>index.php</filename>
<filename>component.php</filename>
<filename>template_thumbnail.png</filename>
<filename>templateDetails.xml</filename>
<folder>images</folder>
<folder>css</folder>
<folder>html</folder>
<folder>inc</folder>
<folder>language</folder>
<folder>img</folder>
<folder>elements</folder>
</files>

<positions>
<position>left</position>
<position>right</position>
<position>bottom1</position>
<position>bottom2</position>
<position>bottom3</position>
<position>bottom4</position>
<position>footer1</position>
<position>footer2</position>
<position>footer3</position>
<position>footer4</position>
<position>footer</position>
</positions>
<languages folder="language">
<language tag="en-GB">en-GB/en-GB.tpl_pt_honbect_free.ini</language>
</languages>

<config>
<fields name="params" addfieldpath="/templates/pt_honbect_free/elements">
<!-- GENERAL -->

<fieldset name="gener_par" label="General">

<field type="spacer" name="&lt;div class=&quot;sub-heading&quot;&gt; Main Menu &lt;/div&gt;" />
<field name="hornav_menu" type="menu" default="mainmenu" label="Select Menu" description="Select menu to display on top horizontal" />

<field type="spacer" name="&lt;div class=&quot;sub-heading&quot;&gt; Logo &lt;/div&gt;" />
<field name="logoFile" type="media" default="" label="Logo Image" description="Upload your logo image" />
<field name="sitetitle"  type="text" default="" label="Logo Text" description="Site Name (Add your site name here to disable logo image)" filter="string" />
<field name="sitedescription"  type="text" default="" label="Slogan" description="Site Slogan (Add your slogan here, in case like to use it as text)" filter="string" />

<field type="spacer" name="&lt;div class=&quot;sub-heading&quot;&gt; Footer &lt;/div&gt;" />
<field name="comp_info" label="Your Site Information" type="textarea" filter="safehtml"  cols="30" rows="5" default="" description="edit footer site information, HTML allowed (author link can be disabled on full version version)" />

<field type="spacer" name="&lt;div class=&quot;sub-heading&quot;&gt; Fav icon / mobile / rtl / analytics (full version) &lt;/div&gt;" />
<field name="my_favicon" type="media" default="" label="Favicon (full version)" description="Edit your own favicon and pres CTRL + R to refresh the site and see the changes. There is online site where you can create custom favicon http://favicon-generator.org" />	
<field name="resp_options" type="radio" class="btn-group btn-group-yesno" default="enable" label="Enable Responsive" description="Enable responsive for mobile devices">
<option value="enable">Responsive</option>
<option value="disable">Non-Resposive</option>
</field>
<field name="rtl_option" type="radio" class="btn-group btn-group-yesno" default="enable" label="Enable/Disable RTL (full version)" description="Enable or Disable right to left language (for arabic language etc). NOTE: First your joomla installation must support RTL language, otherwise it will not take effect even it is set to ENABLE">
<option value="enable">Enable</option>
<option value="disable">Disable</option>
</field>
<field name="analyticsCode" type="text" label="Google Analytics Code (full version)" description="Add your Google analytics code here. E.x: UA-44442708-2" default="" />

</fieldset>

<!-- //GENERAL -->

<!-- SLIDESHOW -->
<fieldset name="slideshow_parameters" label="Slideshow">
<field type="spacer" name="&lt;div class=&quot;sub-heading&quot;&gt; Full version includes more features&lt;/div&gt;" />

<field name="menuid" type="menuitem"  multiple="true" size="10" default="0" label="Menu Items" description="Select menu items for the slideshow and upload your images below" >
<option value="0">Select Items</option>
</field>

<field name="slideshow_delay" type="text" default="4000"  label="Slides Delay" description="Increase or Dicrease slides delay (5000 or 6000 etc). Note: DELAY values should be larger than the effect duration" />
<field name="slideshow_duration" type="text" default="1000"  label="Slides Duration" description="Increase or Dicrease slides duration (1000 or 2000 etc)" />

<field name="slideshow_effects" type="list" default="fade" label="Slides Transitions" description="Select up to 400 slideshow effects">
<option value="fade">Fade (default)</option>
</field>

<field name="slideshow_layout" type="list" default="with_col" label="Slideshow Position" description="Select where you like to have the slideshow">
<option value="no_col" disabled="true">No Sidebars (Full Width)</option>
<option value="with_col">Between Sidebars</option>
</field>

<!-- SLIDE 1 -->
<field type="spacer" name="&lt;div class=&quot;sub-heading&quot;&gt;Slide 1&lt;/div&gt;" />
<field name="image1" label="Image" type="media" description="Choose an image." />
<field name="slidetext1" label="Slidetext" type="textarea" filter="safehtml" cols="30" rows="5" default="" description="Add image caption here" />
<field name="link1" label="Read More Link" type="text" description="URL where the slider text info should link (full version)" />

<field name="article1_1" type="modal_article" default="" label="Select Article" description="Select article layer to display on this slide (full version)" />
<field name="article1_2" type="modal_article" default="" label="Select Article" description="Select article layer to display on this slide (full version)" />
<field name="article1_3" type="modal_article" default="" label="Select Article" description="Select article layer to display on this slide (full version)" />


<!-- SLIDE 2 -->
<field type="spacer" name="&lt;div class=&quot;sub-heading&quot;&gt;Slide 2&lt;/div&gt;" />
<field name="image2" label="Image" type="media" description="Choose an image." />
<field name="slidetext2" label="Slidetext" type="textarea" filter="safehtml" cols="30" rows="5" default="" description="Add image caption here" />
<field name="link2" label="Read More Link" type="text" description="URL where the slider text info should link (full version)" />

<field name="article2_1" type="modal_article" default="" label="Select Article" description="Select article layer to display on this slide (full version)" />
<field name="article2_2" type="modal_article" default="" label="Select Article" description="Select article layer to display on this slide (full version)" />
<field name="article2_3" type="modal_article" default="" label="Select Article" description="Select article layer to display on this slide (full version)" />


<!-- SLIDE 3 -->
<field type="spacer" name="&lt;div class=&quot;sub-heading&quot;&gt;Slide 3&lt;/div&gt;" />
<field name="image3" label="Image" type="media"  description="Choose an image." />
<field name="slidetext3" label="Slidetext" type="textarea" filter="safehtml" cols="30" rows="5" default="" description="Add image caption here" />
<field name="link3" label="Read More Link" type="text" description="URL where the slider text info should link" />

<field name="article3_1" type="modal_article" default="" label="Select Article" description="Select article layer to display on this slide (full version)" />
<field name="article3_2" type="modal_article" default="" label="Select Article" description="Select article layer to display on this slide (full version)" />
<field name="article3_3" type="modal_article" default="" label="Select Article" description="Select article layer to display on this slide (full version)" />


<!-- SLIDE 4 -->
<field type="spacer" name="&lt;div class=&quot;sub-heading&quot;&gt;Slide4 &lt;/div&gt;" />
<field name="image4" label="Image" type="media"  description="Choose an image." />
<field name="slidetext4" label="Slidetext" type="textarea" filter="safehtml" cols="30" rows="5" default="" description="Add image caption here" />
<field name="link4" label="Read More Link" type="text"  description="URL where the slider text info should link (full version)" />

<field name="article4_1" type="modal_article" default="" label="Select Article" description="Select article layer to display on this slide (full version)" />
<field name="article4_2" type="modal_article" default="" label="Select Article" description="Select article layer to display on this slide (full version)" />
<field name="article4_3" type="modal_article" default="" label="Select Article" description="Select article layer to display on this slide (full version)" />


<!-- slide 5 -->
<field type="spacer" name="&lt;div class=&quot;sub-heading&quot;&gt; slide5&lt;/div&gt;" />
<field name="image5" label="Image" type="media"  description="Choose an image." />
<field name="slidetext5" label="Slidetext" type="textarea" filter="safehtml" cols="30" rows="5" default="" description="Add image caption here" />
<field name="link5" label="Read More Link" type="text"  description="URL where the slider text info should link" />

<field name="article5_1" type="modal_article" default="" label="Select Article" description="Select article layer to display on this slide" />
<field name="article5_2" type="modal_article" default="" label="Select Article" description="Select article layer to display on this slide" />
<field name="article5_3" type="modal_article" default="" label="Select Article" description="Select article layer to display on this slide" />


<!-- slide 6 -->
<field type="spacer" name="&lt;div class=&quot;sub-heading&quot;&gt; slide6&lt;/div&gt;" />
<field name="image6" label="Image" type="media"  description="Choose an image." />
<field name="slidetext6" label="Slidetext" type="textarea" filter="safehtml" cols="30" rows="5" default="" description="Add image caption here" />
<field name="link6" label="Read More Link" type="text"  description="URL where the slider text info should link" />

<field name="article6_1" type="modal_article" default="" label="Select Article" description="Select article layer to display on this slide" />
<field name="article6_2" type="modal_article" default="" label="Select Article" description="Select article layer to display on this slide" />
<field name="article6_3" type="modal_article" default="" label="Select Article" description="Select article layer to display on this slide" />


<!-- slide 7 -->
<field type="spacer" name="&lt;div class=&quot;sub-heading&quot;&gt; slide7&lt;/div&gt;" />
<field name="image7" label="Image" type="media"  description="Choose an image." />
<field name="slidetext7" label="Slidetext" type="textarea" filter="safehtml" cols="30" rows="5" default="" description="Add image caption here" />
<field name="link7" label="Read More Link" type="text"  description="URL where the slider text info should link" />

<field name="article7_1" type="modal_article" default="" label="Select Article" description="Select article layer to display on this slide" />
<field name="article7_2" type="modal_article" default="" label="Select Article" description="Select article layer to display on this slide" />
<field name="article7_3" type="modal_article" default="" label="Select Article" description="Select article layer to display on this slide" />


<!-- slide 8 -->
<field type="spacer" name="&lt;div class=&quot;sub-heading&quot;&gt; slide8&lt;/div&gt;" />
<field name="image8" label="Image" type="media"  description="Choose an image." />
<field name="slidetext8" label="Slidetext" type="textarea" filter="safehtml" cols="30" rows="5" default="" description="Add image caption here" />
<field name="link8" label="Read More Link" type="text"  description="URL where the slider text info should link" />

<field name="article8_1" type="modal_article" default="" label="Select Article" description="Select article layer to display on this slide" />
<field name="article8_2" type="modal_article" default="" label="Select Article" description="Select article layer to display on this slide" />
<field name="article8_3" type="modal_article" default="" label="Select Article" description="Select article layer to display on this slide" />


<!-- slide 9 -->
<field type="spacer" name="&lt;div class=&quot;sub-heading&quot;&gt; slide9&lt;/div&gt;" />
<field name="image9" label="Image" type="media"  description="Choose an image." />
<field name="slidetext9" label="Slidetext" type="textarea" filter="safehtml" cols="30" rows="5" default="" description="Add image caption here" />
<field name="link9" label="Read More Link" type="text"  description="URL where the slider text info should link" />

<field name="article9_1" type="modal_article" default="" label="Select Article" description="Select article layer to display on this slide" />
<field name="article9_2" type="modal_article" default="" label="Select Article" description="Select article layer to display on this slide" />
<field name="article9_3" type="modal_article" default="" label="Select Article" description="Select article layer to display on this slide" />


<!-- slide 10 -->
<field type="spacer" name="&lt;div class=&quot;sub-heading&quot;&gt; slide10&lt;/div&gt;" />
<field name="image10" label="Image 10" type="media"  description="Choose an image." />
<field name="slidetext10" label="Slidetext" type="textarea" filter="safehtml" cols="30" rows="5" default="" description="Add image caption here" />
<field name="link10" label="Read More Link" type="text"  description="URL where the slider text info should link" />

<field name="article10_1" type="modal_article" default="" label="Select Article" description="Select article layer to display on this slide" />
<field name="article10_2" type="modal_article" default="" label="Select Article" description="Select article layer to display on this slide" />
<field name="article10_3" type="modal_article" default="" label="Select Article" description="Select article layer to display on this slide" />


</fieldset>
<!-- // SLIDESHOW -->

<!-- SOCIALMEDIA  -->
<fieldset name="social_media" label="Social-Media">
<field type="spacer" name="&lt;div class=&quot;sub-heading&quot;&gt;Social-Media&lt;/div&gt;" />
<field name="display_social_links" type="list" default="no" label="Social-Media" description="Enable or disable socialmedia links here">
<option value="yes">Enable</option>
<option value="no">Disable</option>
</field>

<field name="item_twitter_sw" type="list" default="1" label="Twitter" description="Enable Twitter Yes/No">
<option value="0">No</option>
<option value="1">Yes</option>
</field>
<field name="item_twitter" type="text" size="60" default="https://twitter.com/" label="Your Twitter Url" description="Twitter URL" />

<field name="item_facebook_sw" type="list" default="1" label="Facebook" description="Enable Facebook Yes/No">
<option value="0">No</option>
<option value="1">Yes</option>
</field>
<field name="item_facebook" type="text" size="60" default="https://www.facebook.com/" label="Your Facebook Url" description="Facebook URL" />

<field name="item_google_sw" type="list" default="1" label="Google" description="Enable Google Yes/No">
<option value="0">No</option>
<option value="1">Yes</option>
</field>
<field name="item_google" type="text" size="60" default="https://plus.google.com/" label="Your Google Url" description="Google URL" />

<field name="item_linkedin_sw" type="list" default="1" label="LinkedIn" description="Enable LinkedIn Yes/No">
<option value="0">No</option>
<option value="1">Yes</option>
</field>
<field name="item_linkedin" type="text" size="60" default="http://www.linkedin.com/" label="Your LinkedIn Url" description="LinkedIn URL" />
<field type="spacer" name="&lt;div class=&quot;heading&quot;&gt; More features available on full version &lt;/div&gt;" />

</fieldset>

<!-- WIDTH AND HEIGHT OPTIONS -->
<fieldset name="width_height_options" label="Layouts">
<field type="spacer" name="&lt;div class=&quot;sub-heading&quot;&gt; Width Options &lt;/div&gt;" />

<field name="maxWidth" type="text" default="960px" disabled="true" label="Template Width" description="Edit template width in px (example, 1200px, 1300px or 1400px etc). If you like fullscreen in % than add 100%" />

<field name="sidebar_size" type="list" default="medium" label="Sidebar Width" description="Change the width for left and right sidebars">
<option value="small" disabled="true">Small (full version)</option>
<option value="medium">Medium</option>
<option value="large" disabled="true">Large (full version)</option>
</field>

<field name="temp_layout" type="list" default="left-content-right" label="Template Layout" description="Sidebar and content layout">
<option value="left-content-right">Left-Content-Right</option>
<option value="left1-left2-content" disabled="true">Left1-Left2-Content</option>
<option value="content-right1-right2" disabled="true">Content-Right1-Right2</option>
<option value="left1-left2-content-right1-right2" disabled="true">Left1-Left2-Content-Right1-Right2</option>
</field>

<field type="spacer" name="&lt;div class=&quot;heading&quot;&gt; Height Options (full version) &lt;/div&gt;" />
<field name="hornav_height" type="text" default="" label="Horizontal Menu" description="Edit navigation height in px (example, 50px or 60px etc. with px after)" />
<field name="slideshow_height" type="text" default="" label="Slideshow" description="Edit slideshow height (example, 500px or 400px etc.)" />
<field name="mod_top_height" type="text" default="" label="Top" description="Modules Top Height in pixels (example, 346px). For automatic height write auto (example, auto)" />
<field name="mod_content_height" type="text" default="" label="Content" description="Modules Content Height in pixels (example, 346px). For automatic height write auto (example, auto)" />
<field name="mod_bottom_height" type="text" default="" label="Bottom" description="Modules Bottom Height in pixels (example, 346px). For automatic height write auto (example, auto)" />
<field name="mod_footer_height" type="text" default="" label="Footer" description="Modules Footer Height in pixels (example, 346px). For automatic height write auto (example, auto)" />

</fieldset>
<!-- //WIDTH AND HEIGHT OPTIONS -->

<!-- STYLE OPTIONS -->
<fieldset name="style_options" label="Style">

<field type="spacer" name="&lt;div class=&quot;heading&quot;&gt; Custom Color (full version)&lt;/div&gt;" />

<!-- top module style -->
<field name="top_module_style" type="list" default="default" label="Top Modules Style" description="Select style for top1, top2, top3, top4 positions. If you select zoom_style, please create custom module, click on OPTIONS tab and than Select a Background Image, so you get the zoom style module as it appears on demo. After this use joomla editor to add only text">
<option value="crate">Default Style</option>
<option value="zoom_style">Zoom Style</option>
</field>

<!-- bottom module style -->
<field name="bottom_module_style" type="list" default="default" label="Bottom Modules Style" description="Select style for bottom1, bottom2, bottom3, bottom4 positions. If you select zoom_style, please create custom module, click on OPTIONS tab and than Select a Background Image, so you get the zoom style module as it appears on demo. After this use joomla editor to add only text">
<option value="crate">Default Style</option>
<option value="zoom_style">Zoom Style</option>
</field>

<!-- BACKGROUND IMAGE -->
<field type="spacer" name="&lt;div class=&quot;sub-heading&quot;&gt; Background images  &lt;/div&gt;" />
<field name="body_bg_image_file" type="media" default="" label="Template" description="Edit background image for the template. Pres SHIFT+F5 to refresh images in front" />
<field name="header_bg_image_file" type="media" default="" label="Header" description="Edit background image for header. Pres SHIFT+F5 to refresh imagesin front" />
<field name="nav_bg_image_file" type="media" default="" label="Navigation" description="Edit background image for horizontal menu. Pres SHIFT+F5 to refresh images" />
<field name="module_bg_image_file" type="media" default="" label="Modules" description="Edit background image for modules. Pres SHIFT+F5 to refresh images in front" />
<field name="footer_bg_image_file" type="media" default="" label="Footer" description="Edit background image for footer. Pres SHIFT+F5 to refresh images in front" />
<field name="slideshow_bg_image_file" type="media" default="" label="Slideshow" description="Edit bg image for slideshow. Pres SHIFT+F5 to refresh images in front" />

<!-- BACKGROUND COLOR -->
<field type="spacer" name="&lt;div class=&quot;sub-heading&quot;&gt; Background color &lt;/div&gt;" />
<field name="template_bg_color" type="color" default="" label="Template" description="Edit background color for the template" />
<field name="template_inner_bg_color" type="color" default="" label="Template Inner" description="Edit background color for the template inner" />
<field name="header_bg_color" type="color" default="" label="Header" description="Edit background color for the header" />
<field name="hornav_bg_color" type="color" default="" label="Navigation" description="Edit background color for the horizontal menu" />
<field name="hornav_active_bg_color" type="color" default="" label="Navigation Active" description="Edit bacground color for navigation hover and active" />
<field name="module_top_bg_color" type="color" default="" label="Top" description="Edit background color for the modules top" />
<field name="module_sidebar_bg_color" type="color" default="" label="Sidebar" description="Edit background color for sidebar modules" />
<field name="module_content_bg_color" type="color" default="" label="Mainbody" description="Edit background color for mainbody" />
<field name="module_shifting_bg_color" type="color" default="" label="Shifting" description="Edit background color for the modules shifting" />
<field name="module_bottom_bg_color" type="color" default="" label="Bottom" description="Edit background color for the modules bottom" />
<field name="footer_bg_color" type="color" default="" label="Footer" description="Edit background color for the footer" />
<field name="module_slidepanel_bg_color" type="color" default="" label="Slidepanel" description="Edit slidepanel modules background color" />
<field name="slideshow_bg_color" type="color" default="" label="Slideshow" description="Edit slideshow background color" />
<field name="socialicons_bg_color" type="color" default="" label="Social-Icons" description="Override social icons default background color" />

<!-- TRANSPARENCY SCALE -->
<field type="spacer" name="&lt;div class=&quot;sub-heading&quot;&gt;Bransparency scale. works for background color and transparent bg images &lt;/div&gt;" />
<field name="template_bg_opacity" type="TransparencyScale" default="1.0" label="Template" description="Increasing the scale the background becomes less transparent">
<option value="transparency_scale1">transparency_scale</option>
</field>
<field name="template_inner_bg_opacity" type="TransparencyScale" default="0.0" label="Template Inner" description="Increasing the scale the background becomes less transparent">
<option value="transparency_scale1">transparency_scale</option>
</field>
<field name="header_bg_opacity" type="TransparencyScale" default="1.0" label="Header" description="Increasing the scale the background becomes less transparent">
<option value="transparency_scale1">transparency_scale</option>
</field>
<field name="hornav_bg_opacity" type="TransparencyScale" default="1.0" label="Navigation" description="Increasing the scale the background becomes less transparent">
<option value="transparency_scale1">transparency_scale</option>
</field>
<field name="modules_bg_opacity" type="TransparencyScale" default="1.0" label="Modules" description="Increasing the scale the background becomes less transparent">
<option value="transparency_scale1">transparency_scale</option>
</field>
<field name="shifting_bg_opacity" type="TransparencyScale" default="1.0" label="Shifting" description="Increasing the scale the background becomes less transparent">
<option value="transparency_scale1">transparency_scale</option>
</field>
<field name="footer_bg_opacity" type="TransparencyScale" default="1.0" label="Footer" description="Increasing the scale the background becomes less transparent">
<option value="transparency_scale1">transparency_scale</option>
</field>
<field name="slidepanel_bg_opacity" type="TransparencyScale" default="0.9" label="Slidepanel" description="Increasing the scale the background becomes less transparent">
<option value="transparency_scale1">transparency_scale</option>
</field>
<field name="slideshow_bg_opacity" type="TransparencyScale" default="0.7" label="Slideshow" description="Increasing the scale the background becomes less transparent">
<option value="transparency_scale1">transparency_scale</option>
</field>
<field name="socialicons_bg_opacity" type="TransparencyScale" default="1.0" label="Socialicons" description="Increasing the scale the background becomes less transparent">
<option value="transparency_scale1">transparency_scale</option>
</field>

<!-- BACKGROUND IMAGE REPEAT -->
<field type="spacer" name="&lt;div class=&quot;sub-heading&quot;&gt; Background image repeat &lt;/div&gt;" />
<field name="body_bg_repeat_option" type="list" default="" label="Template" description="Repeat template background image">
<option value="">Select Option</option>
<option value="bg_repeat">Repeat Horizontal and Vertical</option>
<option value="bg_repeat_x">Repeat Horizontal</option>
<option value="bg_fixed">Fixed</option>
</field>
<field name="header_bg_repeat_option" type="list" default="" label="Header" description="Repeat header background image">
<option value="">Select Option</option>
<option value="bg_repeat">Repeat Horizontal and Vertical</option>
<option value="bg_repeat_x">Repeat Horizontal</option>
<option value="bg_no_repeat">No-Repeat</option>
</field>
<field name="hor_nav_bg_repeat_option" type="list" default="" label="Navigation" description="Repeat navigation background image">
<option value="">Select Option</option>
<option value="bg_repeat">Repeat Horizontal and Vertical</option>
<option value="bg_repeat_x">Repeat Horizontal</option>
<option value="bg_no_repeat">No-Repeat</option>
</field>
<field name="mainbody_bg_repeat_option" type="list" default="" label="Mainbody" description="Repeat mainbody background image">
<option value="">Select Option</option>
<option value="bg_repeat">Repeat Horizontal and Vertical</option>
<option value="bg_repeat_x">Repeat Horizontal</option>
<option value="bg_no_repeat">No-Repeat</option>
</field>
<field name="modules_bg_repeat_option" type="list" default="" label="Modules" description="Repeat modules background image">
<option value="">Select Option</option>
<option value="bg_repeat">Repeat Horizontal and Vertical</option>
<option value="bg_repeat_x">Repeat Horizontal</option>
<option value="bg_no_repeat">No-Repeat</option>
</field>
<field name="footer_bg_repeat_option" type="list" default="" label="Footer" description="Repeat footer background image">
<option value="">Select Option</option>
<option value="bg_repeat">Repeat Horizontal and Vertical</option>
<option value="bg_repeat_x">Repeat Horizontal</option>
<option value="bg_no_repeat">No-Repeat</option>
</field>
<field name="slideshow_bg_repeat_option" type="list" default="" label="Slideshow" description="Repeat footer background image">
<option value="">Select Option</option>
<option value="bg_repeat">Repeat Horizontal and Vertical</option>
<option value="bg_repeat_x">Repeat Horizontal</option>
<option value="bg_no_repeat">No-Repeat</option>
</field>

<!-- ENABLE DISABLE BACKGROUND IMAGE -->
<field type="spacer" name="&lt;div class=&quot;sub-heading&quot;&gt; Disable background image &lt;/div&gt;" />
<field name="body_bg_image_default" type="list" default="" label="Template" description="Enable or disable background image for the template">
<option value="">Select Option</option>
<option value="yes">Enable</option>
<option value="no">Disable</option>
</field>
<field name="header_bg_image_default" type="list" default="" label="Header" description="Enable or disable background image for the header">
<option value="">Select Option</option>
<option value="yes">Enable</option>
<option value="no">Disable</option>
</field>
<field name="nav_bg_image_default" type="list" default="" label="Navigation" description="Enable or disable background image for the horizontal menu">
<option value="">Select Option</option>
<option value="yes">Enable</option>
<option value="no">Disable</option>
</field>
<field name="mainbody_bg_image_default" type="list" default="" label="Mainbody" description="Enable or disable background image for mainbody">
<option value="">Select Option</option>
<option value="yes">Enable</option>
<option value="no">Disable</option>
</field>
<field name="module_bg_image_default" type="list" default="" label="Modules" description="Enable or disable background image for the modules">
<option value="">Select Option</option>
<option value="yes">Enable</option>
<option value="no">Disable</option>
</field>
<field name="footer_bg_image_default" type="list" default="" label="Footer" description="Enable or disable background image for the footer">
<option value="">Select Option</option>
<option value="yes">Enable</option>
<option value="no">Disable</option>
</field>

<!-- TEXT COLOR -->
<field type="spacer" name="&lt;div class=&quot;sub-heading&quot;&gt; Text Color &lt;/div&gt;" />
<field name="template_text_color" type="color" default="" label="Template" description="Edit template general text color. Click save and preview to see the changes" />
<field name="header_text_color" type="color" default="" label="Header" description="Edit header text color" />
<field name="mainbody_text_color" type="color" default="" label="Mainbody" description="Edit mainbody text color" />
<field name="module_sidebar_text_color" type="color" default="" label="Sidebar" description="Edit modules sidebar text color" />
<field name="module_top_text_color" type="color" default="" label="Top" description="Edit modules top text color" />
<field name="module_shifting_text_color" type="color" default="" label="Shifting" description="Edit modules shifting text color" />
<field name="module_bottom_text_color" type="color" default="" label="Botttom" description="Edit modules bottom text color" />
<field name="module_footer_text_color" type="color" default="" label="Footer" description="Edit footer text color" />
<field name="slidepanel_text_color" type="color" default="" label="Slidepanel" description="Edit slidepanel content text color" />
<field name="socialicons_text_color" type="color" default="" label="Social-Icons" description="Override social icons default icons color" />

<!-- LINKS COLOR -->
<field type="spacer" name="&lt;div class=&quot;sub-heading&quot;&gt; Links Color &lt;/div&gt;" />
<field name="template_links_color" type="color" default="" label="Template" description="Edit template general links color. Click save and preview to see the changes" />
<field name="header_links_color" type="color" default="" label="Header" description="Edit header links color" />
<field name="hornav_font_color" type="color" default="" label="Navigation" description="Edit navigation links color" />
<field name="hornav_active_text_color" type="color" default="" label="Navigation Active" description="Edit color for active and hover menu item" />
<field name="module_top_links_color" type="color" default="" label="Top" description="Edit modules top links color" />
<field name="mainbody_links_color" type="color" default="" label="Mainbody" description="Edit mainbody links color" />
<field name="module_sidebar_links_color" type="color" default="" label="Sidebar" description="Edit modules sidebar links color" />
<field name="module_shifting_links_color" type="color" default="" label="Shifting" description="Edit modules shifting links color" />
<field name="module_bottom_links_color" type="color" default="" label="Bottom" description="Edit modules bottom links color" />
<field name="module_footer_links_color" type="color" default="" label="Footer" description="Edit footer links color" />
<field name="slidepanel_links_color" type="color" default="" label="Slidepanel" description="Edit slidepanel content links color" />
</fieldset>
<!-- //STYLE OPTIONS -->


<!-- ADVANCED SETTINGS -->
<fieldset name="advanced_settings" label="Advanced Settings">
<field type="spacer" name="&lt;div class=&quot;heading&quot;&gt; Advanced Settings (full version) &lt;/div&gt;"/>
<!-- show hide mainbody -->
<field type="spacer" name="&lt;div class=&quot;sub-heading&quot;&gt; Mainbody Options &lt;/div&gt;"/>
<field name="enable_disable_mainbody" type="list" default="enable" label="Show Mainbody" description="If you like to show mainbody only on some menu items, select from dropdown ON SELECTED ITEMS and than select some menu items">
<option value="enable">On All Menu Items</option>
<option value="disable">On Selected Items</option>
</field>
<field name="menuid_mainbody_no_dm" type="menuitem" multiple="true" size="10" default="0" label="Select Menu Items" description="Select menu items where mainbody should show up. Live it empty if you like to disable mainbody completly">
<option value="0">Select Items</option>
</field>

<!-- font size -->
<field type="spacer" name="&lt;div class=&quot;sub-heading&quot;&gt; Font Size &lt;/div&gt;" />
<field name="font_size" type="text" default="" label="Template" description="Edit template font size in pixels or percent(example 12px or 110%)" />
<field name="menu_font_size" type="text" default="" label="Navigation" description="Edit horizontal menu font size in pixels or percent(example 12px or 110%)" />
<field name="mainbody_title_font_size" type="text" default="" label="Mainbody Title" description="Edit mainbody title font size (example 11px or 12px.)" />
<field name="module_h3_font_size" type="text" default="" label="Module Title" description="Edit module title font size in pixels or percent(example 12px or 110%)" />

<!-- google fonts -->
<field type="spacer" name="&lt;div class=&quot;sub-heading&quot;&gt; Google Fonts &lt;/div&gt;" />
<field name="body_fontstyle" type="WebFonts" default="Arial" label="Standard Fonts" description="Select standard template fonts">
<option value="Arial">Arial</option>
</field>
<field name="googleFont_body" type="list" default="1" label="Template Google Fonts" description="Enable or Disable google fonts for template. If you choose Enable than it will override the Standard Fonts above">
<option value="0">Disable</option>
<option value="1">Enable</option>
</field>
<field name="googleFontName_body" type="text" default="Coda" label="Template Google Font Name" description="Example: Oswald, link to choose (http://www.google.com/fonts)" />
<field name="googleFont_titles" type="list" default="1" label="Titles Google Fonts" description="Enable/Disable google fonts for module titles, slideshow and menu">
<option value="0">Disable</option>
<option value="1">Enable</option>
</field>
<field name="googleFontName_titles" type="text" default="Fjalla One" label="Titles Google Font Name" description="Example: Oswald, link to choose (http://www.google.com/fonts)" />

<!-- font weight -->
<field type="spacer" name="&lt;div class=&quot;sub-heading&quot;&gt; Font Weight &lt;/div&gt;" />
<field name="nagivation_font_weight" type="list" default="" label="Navigation" description="Edit horizontal navigation font weight">
<option value="">Select Option</option>
<option value="normal">Normal</option>
<option value="bold">Bold</option>
</field>
<field name="modules_font_weight" type="list" default="" label="Titles" description="Edit module and mainbody title font weight">
<option value="">Select Option</option>
<option value="normal">Normal</option>
<option value="bold">Bold</option>
</field>

<!-- text transform -->
<field type="spacer" name="&lt;div class=&quot;sub-heading&quot;&gt; Text Transform &lt;/div&gt;" />
<field name="menu_text_transform" type="list" default="" label="Navigation" description="Edit horizontal menu text transform">
<option value="">Select Option</option>
<option value="none">None</option>
<option value="uppercase">Uppercase</option>
<option value="lowercase">Lowercase</option>
<option value="capitalize">Capitalize</option>
</field>
<field name="modules_text_transform" type="list" default="" label="Module and Mainbody Titles" description="Text transform for modules, mainbody and slideshow">
<option value="">Select Option</option>
<option value="none">None</option>
<option value="uppercase">Uppercase</option>
<option value="lowercase">Lowercase</option>
<option value="capitalize">Capitalize</option>
</field>

<!-- custom css -->
<field type="spacer" name="&lt;div class=&quot;sub-heading&quot;&gt; Custom Css &lt;/div&gt;" />
<field name="custom_css" type="textarea" filter="raw" default="" label="Custom css" description="Add your custom css here. After this, your css code will override the defauls css" rows="10" cols="50" />

<!-- responsive menu text -->
<field type="spacer" name="&lt;div class=&quot;sub-heading&quot;&gt; Responsive menu text &lt;/div&gt;" />
<field name="responsive_menu_text" type="text" label="Responsive Menu Text" description="Add here the responsive text menu in your own language, for small devices (e.x by default is (Select a page))" default="Select a page" />

<!-- sroll animations -->
<field type="spacer" name="&lt;div class=&quot;sub-heading&quot;&gt; Scroll effects &lt;/div&gt;" />
<field name="animate_scroll_option" type="list" default="enable" label="Scroll Animations" description="Enable or disable scroll animation">
<option value="enable">Enable</option>
<option value="disable">Disable</option>
</field>

<field name="css_animate_effect0" type="CssAnimate" default="bounceInDown" label="Header" description="Select scroll animation effect">
<option value="none">none</option>
</field>

<field name="css_animate_effect_menu" type="CssAnimate" default="bounceInDown" label="Menu" description="Select scroll animation effect">
<option value="none">none</option>
</field>

<field name="css_animate_effect2" type="CssAnimate" default="bounceInUp" label="Slideshow" description="Select scroll animation effect">
<option value="none">none</option>
</field>

<field name="css_animate_effect3" type="CssAnimate" default="bounceInLeft" label="Top Modules" description="Select scroll animation effect">
<option value="none">none</option>
</field>

<field name="css_animate_effect4" type="CssAnimate" default="bounceInDown" label="Content Modules" description="Select scroll animation effect">
<option value="none">none</option>
</field>

<field name="css_animate_effect5" type="CssAnimate" default="bounceInLeft" label="Shifting" description="Select scroll animation effect">
<option value="none">none</option>
</field>

<field name="css_animate_effect6" type="CssAnimate" default="bounceInDown" label="Bottom" description="Select scroll animation effect">
<option value="none">none</option>
</field>

<field name="css_animate_effect7" type="CssAnimate" default="bounceInLeft" label="Footer" description="Select scroll animation effect">
<option value="none">none</option>
</field>

<field name="css_animate_effect8" type="CssAnimate" default="bounceInDown" label="Breadcrumb" description="Select scroll animation effect">
<option value="none">none</option>
</field>

<field name="scroll_delay" type="text" default="3s" label="Scroll Delay in seconds" description="Edit scroll animation time delay (example, 2s, or 3s, or, 4s)" />

<!-- disable / enable css3 -->
<field type="spacer" name="&lt;div class=&quot;sub-heading&quot;&gt; Enable/disable hover image effects &lt;/div&gt;" />
<field name="img_effect" type="list" default="disable" label="Enable/Disable image effect" description="Enable or disable image hover effect">
<option value="enable">Enable</option>
<option value="disable">Disable</option>
</field>

<!-- jquery -->
<field type="spacer" name="&lt;div class=&quot;sub-heading&quot;&gt; Jquery &lt;/div&gt;" />
<field name="jquery_noconflict" type="list" default="enable" label="noConflict Script" description="Enable/Disable jQuery nonConflict script in case any script is making jquery conflict on your site">
<option value="enable">Enable</option>
<option value="disable">Disable</option>
</field>

<field name="check_mootools" type="list" default="disable" label="Check Mootools" description="Enable this only to check mootools, if loading. Please disable it again">
<option value="enable">Enable</option>
<option value="disable">Disable</option>
</field>

<field name="load_mootools_extern" type="list" default="disable" label="Load extern mootools" description="Load extern mootools">
<option value="enable">Enable</option>
<option value="disable">Disable</option>
</field>

<field name="mootools_extern_version" type="text" default="1.2.1" label="MooTools Version" description="Edit MooTools version" />

<field name="fix_strict_error" type="list" default="disable" label="Fix Error" description="Enable this only if STRICT STANDARDS ERROR appears on page">
<option value="enable">Enable</option>
<option value="disable">Disable</option>
</field>

</fieldset>
<!-- //ADVANCED USER -->

</fields>
</config>
</extension>
